Id,Hazard
49027,1
94782,4
61152,2
100703,4
86064,3
68633,1
1814,2
91704,12
85703,2
101778,2
47140,1
32117,6
28480,2
20011,4
45704,2
12414,1
46784,6
9475,4
51435,2
89508,2
66627,5
51674,2
91269,6
77262,3
40018,3
33712,0
32760,1
32403,1
51048,2
57299,4
9741,2
49689,4
17274,2
40175,2
61664,1
63460,2
35934,2
91470,1
9359,1
86243,1
75850,2
93034,8
73110,5
17593,6
29347,2
1807,2
39364,1
35239,3
8224,1
15464,2
58130,1
19214,1
58734,2
29435,2
75290,2
17557,5
69637,2
91609,1
70848,1
52359,7
99532,5
98816,5
39597,1
15243,3
65390,6
83865,3
9198,4
59076,3
50033,3
59565,3
15462,1
88732,2
89107,1
42924,1
83326,3
76801,4
95114,1
15186,1
14375,2
5322,1
86814,5
65520,3
72419,1
38704,4
32120,5
52719,7
80471,2
21685,1
70086,1
65484,2
93855,4
77333,1
97117,3
22,1
1538,2
50350,2
23389,1
44507,1
9607,3
60414,5
39756,1
65438,1
14916,2
97126,1
50845,2
57143,4
12537,2
42985,3
72994,2
42393,2
10049,2
44014,4
18537,1
29336,12
58608,3
76502,1
80372,2
100932,3
69485,1
24841,2
2273,1
9357,2
33506,1
58513,2
71272,2
44890,1
33813,2
74132,2
46954,1
25669,2
90791,4
80299,1
64646,1
18380,1
91142,6
67366,2
74355,1
27018,1
80132,1
8442,2
81962,2
61359,1
98534,1
8698,5
95462,3
99909,2
24538,1
33097,2
49249,2
23347,2
98150,1
21789,3
48625,2
87398,2
90433,3
88830,1
17190,2
78835,1
14051,6
37898,2
90146,2
88192,2
5201,2
68010,2
7420,1
18211,3
77472,5
92653,5
93894,5
19216,1
4692,1
73044,8
51642,5
11187,3
31598,3
15340,2
73247,3
26011,2
90860,3
3463,2
8878,2
53834,6
71403,1
20874,1
22409,1
84713,4
59995,1
8152,2
59869,1
66613,4
79058,6
10508,5
57417,2
7103,2
30953,1
59477,3
22775,1
25219,3
101727,4
78901,2
44924,2
50220,4
101659,2
51474,4
75512,3
91214,5
25352,4
27727,1
36452,2
34772,1
19799,3
6715,3
46580,2
13312,2
28663,1
76453,2
3680,4
90931,3
87441,3
40273,2
22280,1
73032,2
71839,1
53381,2
10184,5
58430,2
13909,1
55915,4
20623,1
59629,2
1751,1
40662,4
100495,2
20007,2
1437,1
65682,1
16276,2
19050,2
85533,3
76903,2
63753,1
50190,6
61578,3
40313,2
4254,1
30571,1
4959,3
30769,1
83316,4
63781,4
65407,2
100702,2
77970,1
17108,1
45535,7
87470,6
4552,1
25061,5
89175,3
43879,2
61400,3
99928,1
65421,4
74257,1
16719,1
96528,7
21974,1
5073,4
58159,2
17219,2
23755,2
70293,1
92333,2
29395,2
56143,3
48713,2
98301,3
32976,2
1134,1
2728,3
31338,1
24053,5
55713,1
81956,7
54312,2
24081,1
19543,1
22831,1
18027,1
77975,2
36075,1
68919,3
100529,5
97804,4
91095,2
11012,1
69309,1
82696,2
84857,1
97495,2
57114,1
25702,2
91198,2
92339,2
82182,3
14551,3
38623,3
85374,6
74908,2
67400,4
47098,1
94583,3
5390,1
67277,6
11252,1
73173,2
8526,5
53222,3
96712,12
91735,3
18106,1
101297,4
79306,2
41702,1
25012,1
67769,1
27222,2
35614,6
31654,5
34042,1
26010,2
91488,2
87960,6
31835,1
44776,2
99986,2
39280,1
12307,1
68744,2
74731,2
11788,1
45749,1
31162,2
70617,4
79979,3
84101,1
21081,1
40905,1
1743,2
37611,2
22386,3
15599,5
86995,2
93733,2
7415,2
82708,1
73069,2
72384,3
30706,1
47454,1
65297,5
12790,3
18757,2
21464,6
84550,1
20507,1
101030,3
57596,1
22794,2
9797,3
1004,4
76856,1
17608,0
68397,2
16260,3
28886,2
91477,1
70330,3
26961,1
40687,1
91425,1
59939,3
96479,3
24229,1
55314,2
13066,4
57112,2
74674,1
64315,3
50690,2
66557,2
74158,4
30046,3
65511,1
36804,2
56307,2
23734,9
33195,1
83193,3
69793,1
97685,1
8679,2
28492,1
8125,5
67631,2
11307,2
76058,2
77853,3
66358,11
64244,1
78963,1
63835,2
58331,3
72245,5
23449,3
57425,2
52885,2
77089,7
37807,4
37656,2
101377,2
65674,2
60467,2
101820,1
75185,1
4437,3
56059,1
81790,1
82335,2
90568,3
48531,12
35672,2
29651,3
7312,1
20964,4
41830,6
3388,2
45844,1
4164,2
64700,3
50071,4
42357,2
8371,2
37653,4
5502,4
1718,4
96723,8
73295,2
2612,1
67617,2
36302,1
91662,1
42739,4
71005,4
71092,3
73802,1
20014,1
90626,2
5516,2
101341,3
71548,1
29102,3
57995,2
101510,1
84965,3
87200,1
36891,3
55583,1
85637,1
981,1
71718,3
95654,1
1273,2
31370,2
29892,2
81577,1
3399,5
43592,3
45840,5
2994,3
71056,4
94867,2
76365,1
45351,4
68339,4
85200,2
43929,6
19599,2
77697,1
84612,1
76395,5
12321,3
3810,5
79009,1
46879,2
100904,3
7051,3
80675,1
28836,3
13276,4
56960,2
36815,2
19131,2
42053,2
38444,2
22871,2
34873,3
13705,3
73524,2
84626,3
3772,4
47794,4
75913,3
38469,2
7612,3
78815,3
101068,5
34179,3
97177,1
88838,2
72539,2
1764,2
5811,3
81645,4
91974,4
96975,2
48673,1
6758,2
25525,2
47059,3
18111,1
22903,1
90986,1
23792,2
74922,3
16558,6
63617,2
26775,2
4380,4
74637,2
101978,3
48032,1
42218,2
23946,3
88951,1
73043,1
81575,1
62603,1
100123,4
68334,4
95278,5
57898,3
15710,1
87533,5
88271,3
70680,5
76046,1
72866,2
93292,3
41171,2
2969,3
72423,7
45396,4
73520,3
31019,2
56890,2
7489,5
53207,2
23090,1
61573,3
90007,1
64096,2
18782,6
51860,1
29101,3
68645,5
29390,1
46618,3
84867,2
76589,4
10352,1
38713,2
76397,4
41549,2
78461,1
27106,5
46120,2
7700,2
96165,1
94685,1
12396,5
7710,2
37851,2
47031,2
99044,2
33974,2
74243,4
30113,2
3873,5
95464,3
87403,2
2905,2
91373,1
60303,1
76949,1
45363,4
22252,2
23995,3
52131,1
86296,3
6946,2
155,2
101946,4
64730,4
55457,4
2845,1
40015,3
2274,7
44643,2
13065,4
10432,1
63014,1
88436,4
11557,1
57795,5
46303,1
51220,2
100697,2
92165,3
67937,2
75880,3
49113,1
20239,1
87429,3
41890,3
70050,1
77611,3
65759,3
89844,2
1426,2
27530,8
11837,1
79102,4
94627,1
76334,2
7341,2
72845,2
3145,1
7772,4
82204,2
40399,1
35018,2
49672,1
96866,1
37407,1
77407,6
76071,3
3896,1
83751,4
79196,1
84697,1
34446,10
73463,2
94043,2
96965,7
81773,1
74752,1
70271,2
80003,2
88823,1
69773,1
27081,1
70895,6
59445,5
26771,3
76674,1
39566,2
71780,2
77229,4
89393,1
10809,4
57033,4
24065,6
58752,2
730,2
29980,1
9215,1
98612,2
97530,6
83559,1
98918,2
97076,3
91511,1
5959,2
8690,1
37835,2
48768,2
51826,1
45569,1
65752,2
17145,1
86176,2
56443,4
81819,2
60554,2
18168,0
58897,3
40364,1
11791,5
76494,2
53871,1
61901,2
62544,2
30197,1
34546,3
15628,1
83728,4
12871,2
83534,1
99818,1
55073,2
8642,3
1728,4
18397,6
69576,1
56916,1
96117,4
1909,1
79481,3
4903,2
51422,1
48229,2
48080,2
23602,3
68802,3
74791,1
59028,1
10048,1
92472,2
73235,2
87368,8
41740,1
73964,2
78209,3
85433,4
26543,2
68768,3
53244,3
24001,1
73826,2
101122,2
59122,3
18750,2
78469,1
31114,2
15924,2
25251,1
72950,0
43713,2
32987,2
67285,5
37520,4
99107,3
1789,1
58307,4
19005,1
13528,6
60252,1
69743,2
61216,1
45061,1
99442,4
73163,1
83850,5
98664,1
73682,3
77635,3
32498,2
91026,1
72193,4
68091,3
89461,1
23618,3
51375,8
41280,1
96944,1
82181,3
42945,3
15274,2
89263,3
11668,2
51693,1
75427,5
101753,2
61226,2
84156,4
22202,1
24948,1
78418,2
101880,1
9011,4
27120,1
50706,4
71992,4
84611,1
25897,3
44531,7
57111,4
63788,2
7052,4
20516,3
94880,2
42790,2
92481,6
20027,6
25512,2
70605,1
63893,4
48908,1
33114,1
94797,1
73305,3
63242,1
80975,2
62357,2
13531,2
36816,1
88699,2
9816,4
44912,4
46627,2
78643,1
42998,9
83579,4
8013,4
82637,2
76878,1
42910,2
36719,1
26967,2
92217,1
101286,1
14457,2
56987,3
6911,2
46764,5
23575,2
87369,2
24843,3
70623,4
68092,2
16746,4
67586,3
74446,4
62476,1
101857,3
23316,2
58422,4
11734,3
17985,3
50275,1
27209,2
82315,1
26208,4
16318,2
44850,6
19229,1
8475,1
84789,4
99274,2
92475,2
74276,3
26647,1
89759,2
66423,2
20903,4
2909,1
96433,3
44042,4
9027,1
51471,2
95123,2
23739,2
24549,1
24119,3
6861,1
43347,2
89083,2
7785,2
96683,1
10520,1
7378,2
22720,1
82898,3
53404,2
48035,3
91404,2
92714,4
29590,6
85909,1
66166,2
41763,2
49503,3
25517,6
76240,5
31698,1
74220,2
67193,2
24810,1
100716,4
84957,1
77435,4
4303,1
72982,1
82809,5
28589,2
32321,2
41148,2
39817,1
6026,3
76156,4
92542,2
46667,4
80562,3
66206,3
24846,1
880,1
24929,7
1531,4
26352,8
30011,2
61160,3
56825,1
59934,2
98380,2
82700,4
2971,3
15146,2
12572,1
31842,4
975,1
22945,2
726,1
46956,1
94559,3
85951,1
13389,1
43345,1
95260,3
63651,2
14019,1
56927,0
73192,5
81025,3
38462,1
45901,1
96053,2
83669,4
36569,3
24145,2
707,3
93107,1
7851,1
96160,1
85310,2
13722,2
34736,4
25320,6
36329,7
48427,1
26820,2
48507,1
6535,2
19249,3
91018,2
50346,5
75599,2
72389,1
6877,1
73730,1
2496,2
87355,2
19740,2
75911,2
48987,5
62958,2
68836,3
59567,2
24735,1
56086,5
65865,5
99400,1
86111,2
54142,3
84150,1
27180,2
83337,5
85156,2
97436,2
62234,5
12714,2
86873,3
91372,2
12283,4
38151,2
51095,1
20819,3
43239,6
7398,1
17057,6
27350,1
88311,1
32282,3
37577,3
11670,8
75902,2
75690,2
8131,1
68740,2
48686,3
89936,2
27923,1
83458,3
48423,4
14881,3
56095,2
6783,1
38207,1
71640,3
74310,1
71563,4
72872,3
63411,6
82665,3
33431,5
55589,6
61596,1
24729,2
41602,5
47081,1
271,3
20913,1
95515,5
28858,1
25301,2
61194,1
88643,1
41385,1
95976,3
3395,2
23298,1
80460,4
91342,4
42567,6
54669,3
96577,2
13740,5
16411,5
73433,4
95368,3
34843,2
30254,2
94951,1
46762,2
82867,2
65806,1
8717,2
92643,3
95176,10
31906,2
12520,3
14034,2
12406,1
66713,2
78070,2
94596,3
6459,3
37100,2
17451,6
80290,3
23938,1
5794,3
18408,2
61495,1
25600,3
58073,1
75888,3
76936,5
70703,2
76785,2
36162,1
43552,1
68004,2
2941,1
3910,2
41034,2
59059,2
38034,4
62305,3
46191,1
73301,3
16143,5
36908,5
83490,2
56632,1
68718,1
55649,2
7868,4
1428,2
75881,2
27101,2
61880,12
34678,1
96402,2
90095,1
69908,1
18813,2
71732,2
69554,4
63685,4
38211,4
88059,5
83710,1
17244,2
9353,2
7377,1
66955,3
82443,5
52180,2
3296,1
70414,2
52677,3
22414,4
85236,2
42856,2
78128,2
100581,3
35747,7
76489,3
8999,1
4078,4
76560,3
11967,1
10678,2
28320,3
61553,1
59146,4
66987,2
39559,2
13746,3
101623,6
64024,3
7174,1
8596,3
22704,1
20681,3
18859,3
9121,1
8578,4
92096,2
21374,1
20042,1
97424,4
67458,2
94385,2
93862,3
80968,1
85021,1
67587,1
41905,2
76970,5
34780,1
24184,2
46420,2
44504,3
9974,3
66640,1
97937,1
74677,4
23120,1
3034,2
58214,2
60871,1
82507,1
97257,2
11604,4
96649,2
11154,3
97016,1
12666,8
58986,6
36396,4
84884,4
87564,3
83221,4
13986,1
73943,1
89265,3
15147,2
79583,2
57529,3
80544,4
42757,2
30415,2
63611,3
25843,1
84773,3
73140,1
71514,5
78336,1
51209,1
67685,1
69375,1
84414,2
95808,2
33286,1
16148,3
43752,1
66281,4
1993,1
61603,2
36598,3
13632,2
55935,3
43434,1
16674,1
5355,1
99872,4
45859,1
98298,3
101744,3
13783,1
7315,1
97600,1
100000,1
17674,4
38410,1
24574,1
8144,3
28590,1
92220,2
91714,4
19533,5
31934,1
37280,2
81715,2
62532,4
45184,5
34368,1
97901,1
52452,4
57572,1
101376,2
42202,1
55905,4
38205,2
12288,2
37452,2
44705,1
7701,1
99728,4
34396,3
39433,2
78178,3
100290,5
65773,2
79629,1
100556,3
101563,7
6361,4
39601,2
33980,1
65493,1
77175,1
18094,2
22928,2
52143,7
7835,2
74211,4
60921,3
94923,1
78355,1
29052,1
87737,2
30245,3
17717,2
54912,2
61036,5
61949,3
4762,4
61796,1
32393,4
51060,2
7633,8
66006,8
14350,5
99435,1
73811,4
53525,2
59982,2
38136,1
36078,1
21276,1
46065,2
28473,2
2696,3
29304,1
58949,4
24581,1
86171,1
88535,2
76486,2
30642,5
48986,3
69179,1
62884,1
46998,5
16757,2
3832,3
33692,1
94387,4
42752,3
20433,3
87374,5
91385,1
8015,2
87577,3
54743,3
60156,1
79449,4
28512,2
38161,1
13057,1
49831,2
94759,2
34535,1
37012,8
33925,6
65486,4
45682,1
80814,2
40636,1
35270,1
67774,3
51593,1
18495,3
31321,4
81321,3
57497,3
864,5
51526,4
44604,2
26845,1
70983,1
22625,3
319,1
93515,1
79260,6
221,3
1292,3
26014,9
100432,1
17724,1
32778,1
56497,2
79513,4
61637,5
40597,2
64758,2
26909,3
71446,1
11626,3
91178,2
57287,5
174,3
39352,2
24007,2
47239,1
100210,4
62100,3
19077,2
53393,2
61910,1
8569,1
97529,3
73408,5
24902,2
60642,2
34312,2
93624,1
35021,1
84433,4
34124,1
32960,1
49738,6
33527,1
47452,1
73766,2
80113,1
28392,1
88193,2
20301,8
80655,1
58812,4
49154,1
71435,1
6712,4
41526,4
33567,2
65923,2
49597,2
91601,2
39374,3
54171,2
27876,1
9883,1
63286,1
98510,2
18811,1
37510,2
4696,3
56005,2
46498,3
27080,3
16782,6
83781,2
21448,3
31311,2
100390,8
63548,3
39725,3
24200,4
38885,4
51722,2
3868,2
98572,2
95364,2
27724,3
40283,2
96651,2
100350,6
14613,3
40892,1
24625,1
29131,2
50722,12
15387,1
29468,2
16702,2
10139,2
71613,4
91649,2
44553,2
36304,1
32431,6
53694,4
37191,4
38028,1
71377,1
45132,5
43214,1
98316,1
75040,4
88178,1
61693,1
85272,2
39850,4
41418,1
7626,3
37506,2
75619,2
45395,3
31007,2
90888,4
32059,3
54657,4
71846,3
10449,1
92506,2
24884,2
90575,2
18794,4
17791,6
24312,2
42228,3
95330,4
35731,4
1260,1
7244,6
94873,2
18437,4
10267,1
96949,1
98427,2
99609,2
29860,1
10420,7
39074,1
16628,4
45129,2
7231,2
21126,6
35938,1
31911,6
54305,2
78254,2
1677,1
1924,5
80074,4
66611,2
83206,5
77119,2
43049,1
74724,1
95484,1
46666,2
48655,2
54680,7
23368,2
65005,3
88719,1
75016,4
43786,3
64374,4
51660,2
80379,1
95538,3
41760,2
13782,2
43471,2
1355,2
21022,2
47494,1
70263,2
71153,3
78547,2
37172,1
6528,4
71900,2
92064,2
52210,4
28475,1
52660,1
47447,3
86661,4
27113,3
49878,7
15783,3
53158,1
73494,5
3555,5
12934,4
46081,3
45279,1
29848,3
14496,1
17823,1
17592,1
74855,1
100225,2
45772,2
66544,2
4261,1
62248,4
13001,2
21928,1
42462,1
15860,3
65988,2
86432,2
99425,1
100395,2
43954,2
69105,2
99904,2
25005,1
68884,3
4845,1
23963,1
68591,2
39967,1
100967,6
58923,2
24668,2
67815,6
22151,3
21599,9
94949,1
669,1
36944,4
31883,4
21358,1
38426,1
34065,2
71495,2
90853,5
51600,2
40394,1
6368,2
33611,1
19002,2
80650,5
62831,3
87688,1
10435,3
61529,3
67323,2
51123,3
15475,3
96897,2
33148,3
58661,2
48445,2
3777,1
4373,1
15721,3
89447,1
34846,2
67006,7
98492,4
62017,2
84309,2
98550,2
1716,1
57982,1
77434,4
4127,2
19078,2
7344,2
1198,3
49329,2
7272,5
21499,2
17497,1
58424,3
33581,2
83762,2
41967,4
53073,4
64088,4
24995,2
30318,4
91871,3
53043,2
47507,1
57020,2
7792,2
5574,2
82797,3
58012,1
83870,4
88868,3
26999,1
18844,1
82771,1
83512,2
31433,2
5337,2
80491,1
81784,2
88506,1
49756,3
1120,2
5962,2
77695,2
38107,1
16820,1
12436,4
16718,3
9184,4
68660,2
77141,3
27405,4
68811,2
48523,3
71409,3
36638,1
30153,1
92459,3
4599,4
42727,2
4108,1
48818,1
46283,2
66478,1
84379,2
43328,2
15357,1
93483,1
80281,2
36126,2
63583,1
80108,2
41965,2
78852,1
45592,1
6246,3
84951,1
53326,1
38066,2
36179,2
1585,3
68360,5
26524,2
27200,1
5386,4
66407,3
86197,6
60825,1
97792,2
65245,1
9909,3
54071,5
52341,3
34628,1
71250,2
3267,5
24904,2
76683,3
82163,4
168,2
48868,1
58602,1
69799,4
100221,2
58788,3
66981,6
71879,3
62637,1
44288,2
47195,2
75868,1
36809,4
65263,2
32824,8
70285,2
35652,4
88060,3
74230,2
50387,7
6429,2
1830,1
78092,2
44351,2
92885,3
53981,2
5079,4
34274,5
34743,3
80555,1
38330,1
58536,2
95110,2
58305,1
81440,2
100549,1
61278,3
97910,2
8464,3
95266,1
52015,2
56998,2
70800,4
96626,1
41872,1
60015,3
77064,1
12054,1
79551,2
2215,6
89019,3
97997,2
65970,2
9045,5
43793,1
44424,6
98324,1
68381,1
97643,1
67441,2
8303,5
89721,1
85111,1
74871,1
100102,1
89034,4
67365,1
87380,1
3956,3
51947,2
25992,3
11403,1
85391,5
82883,1
82911,2
3707,4
30785,1
22762,2
21882,2
46603,2
681,3
81250,3
53796,1
27517,1
31861,4
17889,1
742,4
20912,3
72344,1
30547,1
79149,8
12419,2
38326,3
79450,2
96789,1
37564,7
37004,2
36797,2
44895,7
81128,1
54252,3
54116,1
100488,2
13650,1
85002,3
21905,3
37073,1
15793,1
14603,2
1165,2
40162,1
63220,1
47135,2
39120,1
99345,1
42396,3
58060,4
42160,3
64316,1
10214,2
63315,4
12822,2
4687,3
65517,2
22423,4
94675,3
2073,3
71433,3
52590,3
14851,3
10317,1
98870,2
78927,1
91031,1
43200,2
72979,7
96384,2
27926,1
7307,2
21034,2
61672,1
12630,4
15191,2
62439,3
7392,1
46617,1
48295,2
86265,2
73740,2
94610,2
24037,4
47062,6
82879,2
73592,5
66885,1
42517,1
69931,2
79027,1
93830,5
60991,2
27641,4
14074,4
3151,2
30459,2
81769,4
48958,4
38364,1
12594,2
47271,1
46199,2
99125,1
15529,2
58028,1
32744,2
25322,2
35118,2
39456,1
19605,1
72521,1
81869,2
89369,4
66496,2
26175,2
67600,2
78203,5
46609,1
68425,2
49655,2
46236,3
28380,1
93490,5
73655,3
98912,3
16619,2
60296,2
62809,1
9969,4
631,2
536,6
80411,6
84041,3
94961,5
35804,4
1431,4
13195,4
68949,2
24605,2
12863,4
17214,1
40801,1
75127,2
43627,1
31807,3
22786,6
99315,1
57609,1
47548,6
54369,5
60916,3
89417,2
81424,2
20773,1
20273,2
9211,2
46016,7
3054,1
47624,5
8874,4
91512,1
75267,1
33510,2
14460,2
52340,4
61770,6
32808,2
88574,2
56501,2
3087,1
84794,6
23035,2
52023,2
46510,3
6559,3
53020,2
24881,1
98289,2
77935,4
85925,2
3533,2
48526,1
71041,3
50584,3
45913,4
73660,3
19806,0
38217,4
73355,2
23227,1
82829,4
4034,4
77061,3
38240,1
55171,1
19486,3
90567,5
51270,1
79898,2
15039,3
96771,1
69895,1
57739,2
78964,3
8518,1
9170,1
32980,2
96076,3
14647,3
77592,2
4226,1
7386,1
32215,8
38626,2
29202,2
63832,2
6737,1
56031,1
37927,4
30974,2
69443,1
62451,3
25901,5
12858,3
53523,1
71924,3
53893,4
89252,1
50250,3
50227,2
79530,6
67588,3
91490,2
69594,2
16605,6
78309,2
95765,2
33008,2
5678,1
36234,3
62417,1
78793,1
47557,1
35765,4
94809,4
28465,2
1342,4
87351,2
62917,2
52777,4
93950,5
35362,1
32701,3
8351,4
71821,3
87357,5
13887,3
77422,2
68293,1
51495,3
788,2
95733,3
37570,1
11207,2
52883,2
11531,2
60617,2
33626,1
90956,3
56566,7
61421,1
71480,4
140,1
8502,2
63699,1
16343,3
23862,1
24977,2
24157,3
98010,2
80847,3
65187,1
36507,2
77372,3
7593,2
85379,4
41788,2
19004,2
17104,1
25223,1
50947,2
41172,2
82214,3
50827,2
83499,1
32022,4
6674,1
25678,2
57599,2
31796,5
30787,1
4105,6
58058,2
101984,2
9689,2
16542,4
10388,1
70007,3
28839,2
43583,5
21371,1
59438,4
43465,1
55498,3
90258,3
26012,1
52611,1
16444,4
67475,5
95103,2
90421,2
75331,10
5245,1
78769,1
60323,3
34025,2
34193,2
72350,2
75750,2
33548,7
32355,1
12319,1
82761,1
3265,2
87132,1
37738,2
101210,2
18189,1
9661,4
91212,2
34599,8
22381,1
25056,1
89160,5
521,2
18225,3
2344,2
92313,2
34221,4
97453,3
49396,2
43761,2
55225,2
8505,3
23965,6
81950,1
65065,2
95167,6
38373,2
76042,1
20952,2
51344,4
58048,2
15779,5
24259,1
35490,1
64010,2
57183,2
57976,2
61040,3
47359,1
9219,4
35727,3
73466,3
65083,2
85071,4
12314,2
9012,5
34427,2
42829,2
84596,3
51096,4
15465,1
62576,1
11913,5
75954,2
55565,4
59953,3
62030,2
40737,2
65477,1
65449,5
32490,7
91889,2
37839,7
54953,1
79445,2
47058,3
88205,3
87231,2
81100,2
41267,2
80224,3
101968,1
35881,1
87924,2
22510,2
44313,2
82827,2
20375,2
93713,2
97807,3
35767,1
44999,1
32755,2
19910,1
98674,2
52092,1
29190,3
4671,1
56507,2
42171,1
31250,3
42766,2
25490,2
87586,2
78968,2
83963,2
46118,3
16803,1
1246,1
80306,2
53431,2
22413,3
17239,3
5795,2
41676,2
75165,5
26190,2
12932,1
59413,2
38834,2
81623,1
4563,5
50507,2
86235,8
26221,2
10711,1
24858,1
4093,1
55176,2
9589,1
96533,2
16369,3
99671,5
74734,5
70407,1
39900,2
72174,7
77682,3
2915,2
9579,1
82662,1
57314,1
46467,2
64907,2
92280,3
48567,2
84499,2
94044,3
21614,3
69938,1
47096,2
57394,1
79308,1
73500,3
22033,5
16644,2
78562,1
17778,1
22194,3
577,1
54238,1
79394,3
35622,2
20262,1
1904,4
21405,3
57333,2
53130,2
1773,2
37369,1
51772,2
43164,2
27872,1
17495,3
19513,2
50007,4
18596,1
52556,4
22313,1
10109,2
91428,2
24159,1
83011,3
100807,2
20493,6
68039,1
33052,1
28372,2
75883,4
93427,1
85621,1
21875,2
51855,2
65291,5
44432,1
94612,2
57077,1
25854,2
33083,2
59932,5
4092,2
15765,1
33455,2
83086,5
18818,1
878,3
60005,1
44393,2
25086,3
24133,1
76017,2
20620,2
82035,3
61187,2
45427,7
40843,1
17335,1
11627,1
23506,2
49194,2
36412,1
58180,3
85590,4
70273,2
47499,3
49387,5
88567,1
95327,1
61811,1
70058,2
1812,3
11387,1
6825,3
66652,2
77432,3
3641,4
44758,2
27993,3
83009,8
86318,2
69682,3
69465,2
69011,1
12556,1
58543,3
13281,2
83842,1
24043,2
40610,2
45735,2
96930,3
82458,1
48017,3
60697,4
11450,1
89072,3
16382,2
69069,3
59292,1
35125,5
38736,1
38128,1
95289,1
32798,2
38325,1
75999,2
77313,1
21866,2
51558,2
9592,3
16407,5
40930,1
46219,2
2482,1
87075,1
17163,6
84838,2
30062,3
13118,2
86652,2
25773,2
62231,3
21912,2
72602,1
23897,2
51912,3
66553,2
66217,1
37996,4
66938,2
95164,2
43670,2
39908,3
19173,8
331,1
98896,3
7209,3
73629,3
680,1
2614,1
86678,2
53559,1
21930,6
4533,4
77444,3
34933,7
2695,2
42209,1
60550,4
70656,4
50783,5
26356,3
43919,1
95252,2
67252,4
63937,2
34670,4
35148,3
10970,2
68850,3
75375,5
78794,1
100322,3
88597,1
81450,1
91421,2
73271,2
67843,3
38164,1
85556,2
23197,4
1465,1
8208,3
31185,1
60227,2
44669,3
65622,1
24789,1
94877,7
77694,3
29921,3
43338,1
75728,4
78962,1
40152,1
44212,3
51354,2
78192,1
46333,3
64034,1
60175,4
68908,3
7045,3
64383,2
90296,1
44168,2
64981,1
53777,1
4345,1
60778,5
57200,1
73282,1
25519,6
61549,4
35895,1
37024,3
53382,3
15350,3
19401,4
29595,1
58321,2
22745,3
65734,1
79146,1
52741,2
68829,1
80809,1
24291,6
27513,1
98813,1
101224,2
74936,2
34177,2
48292,2
1821,3
5190,2
82917,2
2198,1
69864,1
19942,3
86976,2
82892,4
63344,2
18361,2
21048,2
53791,1
24193,2
34149,1
56571,1
919,1
798,6
63172,1
18009,2
29406,3
96331,2
54731,4
7823,1
94413,1
87250,2
37155,5
80426,2
101196,3
86410,2
12017,3
90214,1
4038,2
55610,2
23688,4
55077,1
226,3
21364,1
77026,1
101349,5
9855,2
80617,1
76522,1
47220,1
81454,2
48223,1
66526,1
47633,3
87670,1
30555,1
30714,2
20656,1
23565,4
41130,4
84264,1
41733,1
100232,4
101514,1
63100,1
22106,3
17834,2
51601,7
101361,4
87788,1
70700,2
94665,4
59933,3
53049,2
41757,3
69670,3
55570,2
11939,4
68963,3
79132,2
29922,2
100885,1
4927,2
39197,2
83662,2
94008,2
61107,2
75885,1
17850,2
94492,3
35836,1
85170,2
45783,1
28830,2
33346,2
7083,2
45312,6
34327,1
82158,3
67088,4
86736,3
50372,3
40315,2
58408,2
11517,4
80296,1
33196,2
41948,3
76341,1
67140,2
74120,2
86504,2
63442,2
74202,4
92379,4
71974,1
27235,2
61975,2
32764,3
27324,1
90176,3
12190,2
62960,1
73393,7
13732,2
39862,1
73007,3
26081,5
64729,1
54797,3
38135,1
46295,1
53783,1
95160,2
45338,2
80951,4
90563,1
31141,3
50717,1
32270,2
23199,4
36322,2
101943,3
85253,4
6602,1
24938,1
56705,2
21433,4
89207,3
75846,2
83279,4
5420,2
33576,1
11865,1
29024,2
48109,3
49391,2
82920,2
97895,1
12576,2
63785,3
79405,5
28083,4
16162,1
13604,2
28842,1
17902,1
9865,2
47333,2
62527,1
59950,4
75680,1
16819,3
19578,4
93328,4
101894,1
51800,4
91386,2
95600,1
52108,1
94503,5
29222,1
65031,2
19087,2
50490,2
69826,7
48094,1
55193,1
83140,3
10505,2
84552,2
12156,4
23217,2
51233,1
55630,2
7101,1
33295,2
6684,4
61741,3
88086,3
46848,3
42041,1
8255,3
8760,1
26434,3
93261,2
36458,2
68423,4
11731,7
23401,1
91678,2
62060,4
141,2
97462,1
19313,4
84269,2
48938,3
34550,1
93115,7
1556,1
16154,1
54833,2
80948,2
23925,2
29323,2
64192,1
11689,3
87207,1
92642,2
40406,5
81521,8
94151,2
13880,2
90914,3
80427,5
2213,5
85000,2
30467,5
62529,5
83099,5
18691,1
85876,1
55951,1
78479,7
8300,2
64855,5
97404,1
95137,3
27675,5
49405,4
92296,2
61037,12
11180,4
100046,3
87764,2
74089,1
10487,1
19141,4
92365,1
17999,7
32391,5
4997,2
31475,2
55701,1
80095,5
80690,2
4168,1
16759,4
39006,2
18788,2
5580,1
11553,1
71506,3
71491,2
40817,1
80442,1
3266,1
55781,6
49179,1
5078,2
47153,2
42208,1
85455,1
80607,2
90057,5
40227,3
1155,1
49657,4
79487,2
18137,5
39930,2
41699,2
82912,4
58385,3
17442,1
63560,3
18031,2
21569,3
9407,1
84330,4
80251,2
49864,2
50059,1
74769,4
71667,1
938,1
4667,3
85207,0
97767,3
82871,1
17421,5
47205,1
15154,4
64402,1
44773,1
92562,4
36280,2
65037,2
70561,3
97675,2
63936,1
101795,1
27729,5
85894,3
23640,7
82200,4
61729,1
72836,5
31052,1
84871,1
79188,1
73511,2
55579,2
57451,1
98483,2
21524,1
62240,2
43790,5
90375,4
73070,4
38346,1
47487,1
85573,2
33745,2
96587,3
72860,5
7169,4
79360,1
56734,2
43097,4
63365,3
67674,3
89705,2
29544,4
52258,1
66723,2
94979,3
90212,2
52044,2
98231,1
3592,3
14390,6
51883,1
57969,3
95696,2
4747,2
25148,2
39029,2
12147,1
92684,4
89264,2
22190,1
36244,4
24057,2
35510,1
86119,1
46742,4
89900,5
98999,4
65840,4
89972,2
32040,12
21041,1
38080,1
45321,4
35998,5
94013,5
96206,4
55001,1
40706,2
95163,4
64127,2
39556,2
59341,2
91648,3
39046,4
99143,3
101145,5
78498,3
75369,2
19263,1
101191,2
94364,4
52272,3
93197,1
85662,2
44582,3
49161,1
27173,6
73529,2
71784,3
88121,1
91033,2
19070,1
12333,2
91812,2
81164,4
243,1
70630,2
8231,2
62402,1
86709,3
101261,4
97630,2
9333,2
41041,1
88435,2
63095,3
32770,4
71422,2
14957,1
15838,8
78660,4
20565,2
1197,1
68309,3
30487,1
38937,1
23160,6
4189,3
40611,2
99789,3
45658,2
78887,2
86818,4
36589,2
32197,2
40351,1
4912,2
94730,3
46851,1
66786,2
37795,3
90009,3
19491,1
68194,2
75763,2
28054,1
8640,2
89298,2
8665,5
2751,3
48249,1
99925,1
38632,5
89974,4
1287,2
20899,2
63702,1
43656,1
15093,1
58942,0
8207,3
91552,3
99443,4
78657,2
20572,3
31103,2
7702,2
99480,1
2538,3
68408,1
67818,2
2602,7
65344,3
78575,1
15497,1
88282,2
4419,4
78543,1
68151,4
71815,2
57340,7
70358,2
19983,1
86293,4
44503,4
55276,1
96068,2
12383,2
51107,1
38864,3
63792,2
35546,4
80910,2
93077,3
22265,2
42050,1
71111,3
8742,5
96412,1
59638,1
48716,1
91919,3
13054,1
87959,5
72706,2
30387,6
88707,3
4992,3
49192,1
10574,1
9271,2
44778,1
88551,2
22803,4
1886,2
27189,2
21427,1
94340,1
19728,2
18034,1
89170,3
78720,2
52225,2
81387,2
66551,5
101043,10
100722,1
44663,2
49987,2
32374,2
84739,5
21196,1
55933,1
49890,4
26126,7
99857,1
82377,2
84104,4
7607,3
68682,3
64353,3
54074,12
42408,1
15089,1
15760,1
76501,2
58893,1
16824,2
7292,2
71866,2
51711,4
7087,3
17548,2
12510,3
25042,4
7251,6
50415,6
32385,2
51641,3
52442,3
20258,4
60193,2
10182,2
53769,3
46528,1
92667,2
11608,3
58172,2
53631,1
67478,1
101647,1
9835,1
37464,1
71655,1
33432,3
85685,1
82543,1
38566,1
81489,3
54295,3
101107,1
30500,3
100832,4
74073,2
9354,2
26431,2
14583,7
36586,3
80520,3
16720,1
91147,1
75634,1
30796,3
66188,2
1249,1
48620,3
55979,1
9193,3
40939,2
40997,2
67157,1
38542,1
100420,1
94423,2
75493,1
99286,2
24107,4
81469,1
17749,1
45823,7
77427,2
96863,1
17038,1
88315,5
1385,1
89094,7
92402,2
21356,4
59084,3
43085,2
41145,2
29836,1
35746,2
51709,4
7028,3
93507,2
60662,5
30080,1
92923,7
52128,4
51913,2
64948,7
81249,2
18633,5
50946,2
68762,2
23242,2
7512,5
1362,6
19266,5
88620,1
54134,4
57475,2
11098,2
55645,4
1283,2
54399,4
48712,1
9189,3
35029,1
92896,1
87601,1
27731,3
42525,2
66193,2
60207,3
9071,1
17182,1
26991,2
56683,4
925,1
33822,5
52607,4
63932,1
20210,1
11582,2
72012,5
11785,2
8774,2
82175,1
80144,5
24708,2
38221,2
42480,2
84098,2
65180,2
84786,1
68713,1
8247,3
14388,2
93734,2
35502,4
97206,1
86276,3
77150,4
71289,1
74343,2
33855,1
68330,1
50884,1
91791,2
41426,2
48601,3
65059,1
43373,1
5522,2
42603,9
29460,2
25607,3
46808,3
6546,1
30096,8
30173,5
80381,1
35901,2
38955,3
18514,3
60400,3
23488,9
26199,4
6753,1
23769,1
49029,2
74615,2
74766,4
32182,1
10688,3
46001,5
33141,4
68284,4
41985,3
71799,2
11714,1
14777,4
86125,1
31050,1
42406,3
7129,1
30164,1
63022,2
25533,1
48061,1
41358,4
60692,1
33283,1
2544,1
53889,3
2022,2
60785,2
60873,2
86544,2
58687,1
67738,3
66110,2
55742,8
59664,2
32968,2
32672,1
16571,5
17446,1
30240,2
26685,2
27973,2
19531,2
19889,1
8575,4
40685,2
30539,2
75055,1
56742,5
12629,2
61862,7
20269,2
69665,1
27123,1
40745,6
1084,1
78316,1
14001,3
55114,2
23179,1
36113,1
45841,3
91534,1
85920,1
35208,1
88993,6
12161,1
44834,3
18994,1
10894,4
46695,1
64479,2
97872,2
37991,4
4147,3
29391,1
46640,5
39762,1
92040,6
38826,1
95569,4
10839,7
86712,1
92357,1
31004,2
47906,2
44771,4
65907,1
95553,2
59916,2
95675,4
75094,9
11688,12
41168,3
1589,3
15048,2
12729,1
7571,1
64987,2
58411,1
51175,2
82243,3
19041,2
98780,1
64049,4
77826,4
36157,1
83482,2
49545,3
51283,3
99437,3
24546,5
1036,2
75833,3
533,1
1506,5
26251,2
57707,5
89046,4
59546,3
90570,7
21745,3
22219,2
75598,2
33071,1
38012,4
28587,1
9670,2
61894,1
60972,2
34392,1
18147,1
66568,2
5010,1
45909,2
10462,4
70200,3
54844,1
29755,4
33175,2
3899,3
23365,2
20696,3
75860,4
28765,1
80229,5
64852,1
1621,3
16022,2
77551,3
96081,1
36437,1
66305,2
45504,3
80746,2
28833,2
44665,1
82743,2
99552,1
52915,1
71996,5
48308,2
32249,3
13711,3
38928,2
48332,3
21191,6
53827,4
101137,1
39098,1
24358,2
9781,5
60653,4
98356,1
35379,1
72220,3
99216,2
88792,1
4296,7
21583,1
87461,2
51084,1
49129,4
100829,5
15564,1
77473,4
74072,4
6362,1
28239,2
84123,1
71654,2
6502,1
17873,1
87145,3
45445,2
55802,5
61106,2
38085,2
47763,1
2205,2
10966,3
54204,5
76871,8
55556,3
33172,8
98832,1
34957,2
3149,2
59054,3
34267,1
81860,3
58201,2
44236,2
43780,2
24356,2
44113,2
39302,2
60203,1
29798,6
17893,3
44218,2
3521,1
68707,1
21809,1
9877,7
90473,1
41222,1
97195,3
8728,1
51390,3
66080,1
13400,4
53549,1
4860,2
35268,1
44130,2
5901,1
48572,2
68359,2
79632,1
90051,2
65441,1
63663,6
56361,7
6329,9
18494,2
32317,2
94932,3
54525,4
747,3
72322,4
84734,4
38645,2
96423,2
80563,1
25402,3
94016,3
87591,1
10466,4
28021,2
98449,4
50366,1
48683,2
19913,2
32700,1
36901,1
50658,7
10915,2
22917,2
39390,1
45314,2
13403,2
56536,2
42418,2
68647,2
76458,2
81064,2
34135,2
36087,3
98723,1
56348,1
89055,3
49826,2
8395,2
42719,1
93058,2
26417,3
60184,12
23846,6
97976,0
101084,1
36493,4
46208,2
49580,4
42729,2
79148,6
99045,2
90629,3
37932,2
47501,3
8840,1
34375,1
100580,1
58659,2
5486,7
50094,2
38430,2
46384,2
90301,5
56747,4
26670,1
98177,1
81242,5
39859,1
33997,1
71538,5
10019,8
22894,1
31280,3
92961,1
24507,3
40353,2
22286,1
54898,2
79506,3
7296,1
69669,2
79937,3
33461,1
60285,5
84073,2
46794,3
95499,3
17943,1
91890,4
21351,1
25091,1
101430,7
25191,2
72353,2
55058,1
82606,4
97216,1
10999,2
31296,1
32202,1
38375,1
85641,1
2814,2
90487,2
41975,2
66727,6
57508,1
10624,2
22384,2
100747,1
97720,2
63293,3
17624,1
54894,1
30777,2
78443,3
27628,2
21954,2
9576,2
75878,2
9876,2
70564,1
35999,1
31990,2
37906,2
68870,2
12613,2
11645,2
56853,2
72711,2
1808,4
50494,1
614,2
41227,3
15044,2
20905,4
6015,2
9827,1
50441,1
45756,2
61809,2
95891,6
25979,5
4359,1
96922,1
58052,4
8845,2
30781,3
42947,2
61657,1
94487,1
18910,4
87584,2
90964,5
65589,3
89439,1
23953,2
7343,1
94535,2
81259,3
85616,1
63896,2
17193,1
46033,2
33592,2
66057,1
36636,1
37566,2
12280,1
29862,2
19454,3
51759,1
90500,2
76668,2
51476,2
44173,2
22417,3
12045,2
13997,1
23841,4
46145,4
75065,1
3330,1
57452,3
19281,1
54360,1
28129,1
61760,6
14481,2
32801,2
99991,2
6227,1
48258,1
52978,1
34792,2
78999,1
28458,5
9918,2
52124,3
45206,3
44500,1
39974,3
71124,4
4367,1
11762,2
24779,1
31548,3
80080,1
17375,1
92134,1
36004,1
48624,1
13695,4
83772,3
29143,3
87545,3
78780,5
29549,2
85456,2
49842,2
23504,2
75150,2
11014,2
44887,2
47584,1
23776,4
24161,1
49577,1
17970,4
41857,3
20843,3
101850,1
50879,3
97489,4
19405,1
22209,2
10171,1
91239,3
60987,4
17356,2
30385,1
10748,3
71401,2
30896,2
92290,2
56830,2
38761,3
51870,4
87841,1
70829,1
33981,1
60713,5
75864,3
35886,2
55508,6
22938,1
87011,7
18738,6
70936,2
69739,1
78439,4
40338,3
77069,2
37230,7
18547,2
82915,1
40088,5
31409,1
78777,3
60935,3
31635,1
42046,1
30668,1
54462,3
12213,2
98122,1
28119,1
44861,2
86514,3
40606,3
65984,2
77250,4
43545,3
28277,3
62993,2
62104,3
26789,4
47043,3
9911,1
90952,3
1102,5
10083,2
29271,1
50524,3
2248,4
59348,2
91563,2
39303,1
85166,2
101717,3
65289,3
99830,4
77728,2
89713,1
12170,2
2397,1
12056,5
73334,1
99279,2
66959,3
56758,5
89359,3
56696,2
24031,1
82471,2
78293,1
6052,1
48468,1
17435,1
30183,3
65726,2
58775,2
63877,2
37941,2
33105,2
9762,2
45684,4
99196,4
21246,1
69286,5
74572,1
22556,1
10812,1
98926,2
69527,4
81271,2
70941,1
62442,2
3905,2
44003,4
86651,1
87305,1
74215,4
52750,2
7330,4
76157,2
89833,2
74333,3
54256,2
39239,2
31174,2
71683,1
5747,2
70792,2
79861,3
3042,3
58031,4
58416,2
75646,3
21744,8
24947,1
36498,2
36896,2
2666,2
87832,3
37148,1
91382,2
77875,3
57022,2
86671,1
95642,3
1703,3
81244,1
13000,1
54595,3
40532,2
63586,2
59961,7
84998,2
9947,2
48205,5
7749,2
101161,2
95911,5
34289,1
53104,1
32537,2
64995,4
7998,4
43109,3
42061,5
13582,1
38508,3
71536,2
39123,2
2181,4
71709,2
8470,2
34447,2
11016,1
24387,1
64170,1
86805,1
18970,2
33727,2
35138,3
17007,2
90762,5
99750,1
54779,1
13928,1
96474,1
1637,1
13430,2
85013,2
43882,3
40848,1
2970,2
998,4
38015,5
50051,2
8833,1
14188,1
100473,4
84231,2
28931,1
15788,4
57550,2
13399,3
8036,1
99755,1
26057,4
31097,5
18262,1
40678,4
51568,1
13311,2
98711,1
37617,1
3653,2
13757,2
10183,3
45390,5
79554,5
51725,1
50299,2
98853,3
77613,2
94540,3
13196,2
38669,2
91328,2
84236,1
23297,1
99514,1
22553,2
4312,2
21083,2
46234,2
39307,2
81027,1
69639,1
91368,4
30054,2
86999,1
43493,2
41036,7
39139,1
52248,2
86076,1
48497,1
54137,3
17337,8
53988,4
71213,7
21133,7
18882,1
87038,2
55777,2
50620,3
55929,2
62309,2
49434,1
90656,5
34787,1
36030,2
46180,5
77237,5
11638,6
31282,1
43770,1
84210,4
31816,1
17554,2
25952,4
56473,1
61100,3
64103,3
36992,1
36454,2
58379,1
53539,2
51626,3
6056,2
50654,2
90970,2
59786,1
55980,1
12815,1
98716,1
72078,3
81287,2
66638,1
58784,2
94266,1
30282,1
10645,2
66226,4
20449,6
79821,1
45163,3
16929,1
50818,6
24504,2
96918,3
40763,1
8084,1
54947,1
80272,1
67607,8
82231,1
90634,1
59973,3
21111,5
4529,4
73833,4
39650,1
3554,2
79273,2
52735,2
29464,1
29652,1
17266,1
37855,3
34325,1
26254,2
82014,4
27240,1
45565,4
54945,4
3198,3
6318,5
20426,5
28787,1
29866,2
99952,1
59764,1
96427,3
89865,1
64077,2
15056,1
98477,2
56584,2
89965,4
67796,1
81693,12
14404,2
81787,2
39770,3
38597,4
23234,1
18088,3
80521,2
87274,1
72144,2
27138,2
41632,3
100343,1
22802,1
61453,7
90452,6
63577,2
40987,4
69865,4
17012,2
69659,2
54624,5
93022,5
17990,3
82615,10
51819,3
6330,4
53518,2
51730,6
23829,1
83344,1
83961,1
92847,6
37546,4
12726,1
15192,2
47527,4
60245,2
15034,2
6770,2
96405,4
33552,1
241,4
95885,2
52325,1
18284,2
12262,2
38024,2
69240,1
26655,2
14415,6
85462,1
33647,2
22610,5
6580,9
50384,2
21182,1
50045,2
17117,1
75466,3
29252,1
21953,2
62842,4
55371,6
58204,4
57316,4
94584,1
87194,5
92997,1
54297,2
62656,4
54091,4
8941,2
32073,2
72603,4
1598,3
71027,4
21780,8
81794,6
77865,1
30370,8
41682,5
81876,1
7523,2
85987,1
43696,1
91950,5
64658,2
91656,4
99185,4
23011,1
53339,2
27946,1
94105,1
88181,4
34250,1
41356,3
62221,1
34259,2
101678,1
48773,2
42641,5
84129,4
92383,1
23548,2
73440,4
2699,1
4452,2
2674,8
2330,1
82556,5
7674,1
50161,5
66664,1
72246,8
6683,3
13210,3
20349,2
23169,4
97397,2
67171,1
92429,4
35877,2
27207,2
79292,2
86100,2
78918,3
51852,2
73639,1
62239,2
30071,2
83259,4
17417,2
524,2
56170,1
12642,4
77344,1
4905,1
23922,2
56707,6
42475,2
55261,5
22028,2
93025,4
56077,1
35987,2
85474,2
90936,8
818,1
78710,2
36758,7
99722,3
25700,1
37166,2
48313,1
61627,1
40104,1
25995,1
55162,2
19620,3
82722,1
77523,3
20241,3
34074,3
9973,1
84159,8
14819,8
34865,1
13628,2
6355,3
19994,4
72264,2
48719,2
19779,2
25475,2
78129,2
77843,3
38429,5
21666,1
22479,2
95851,9
28438,1
93488,1
95766,1
41827,5
53859,2
48635,1
94749,2
12331,6
7164,2
43857,3
25887,4
69948,1
68597,2
49538,4
96413,1
92187,2
84114,5
32047,2
96173,4
8634,1
72838,3
16323,1
86288,1
45787,1
57016,2
35814,2
41904,1
65669,7
18535,1
73039,2
14306,1
83082,2
70736,3
36631,1
71147,2
8078,1
72425,1
64850,2
59083,1
1348,1
31262,4
55086,2
87106,8
36784,3
84645,2
9471,1
64404,2
59275,12
4024,3
17136,1
78734,1
40726,1
20117,1
48011,1
22807,3
59371,2
50370,1
70762,1
37082,3
61514,6
11367,1
101192,2
70968,4
40286,2
63571,5
30581,1
58877,3
85419,1
25027,4
92870,1
60910,2
80363,1
53605,2
1686,2
95678,1
92640,2
46800,2
54982,2
8162,3
87362,1
53280,1
23834,2
52581,3
46004,3
76034,12
14907,2
40126,1
78503,1
60292,2
53831,2
86153,1
19248,3
12731,1
73215,3
13473,3
23546,4
100554,2
76708,1
101726,1
57264,2
30296,8
63986,3
98067,2
24757,3
66846,3
48736,2
91285,4
95692,2
80724,1
249,3
82947,1
64443,2
12362,4
9368,2
583,1
50305,4
46514,2
45737,1
18996,1
89742,1
5976,2
85767,3
50256,3
19955,2
88502,1
986,5
11483,3
4249,1
37404,2
28737,1
37953,2
1390,1
56729,1
48142,2
65564,5
12957,1
35876,4
91657,1
96738,2
33620,1
81502,6
64868,5
84493,1
23654,1
101705,1
15565,1
35431,2
3561,2
50968,2
1987,1
95670,2
99335,4
9982,2
883,1
65573,12
96382,1
87885,5
19711,2
61236,1
31357,3
83749,4
2543,1
73360,3
76797,3
41341,2
51496,1
47934,2
84106,1
63309,2
88760,2
46132,5
83090,1
27631,2
63934,3
43944,2
99802,4
60674,3
74002,6
21694,2
82831,4
26781,1
37588,1
37999,3
2883,1
48136,4
98391,3
60291,5
45494,3
41747,5
64058,3
78484,2
37620,2
7519,3
3867,5
37062,2
20989,4
90480,3
92035,4
31604,2
64856,2
68154,2
73538,2
69049,2
5046,2
42812,2
76268,1
78093,2
60126,3
78427,1
29376,2
69253,1
32660,4
47951,1
81162,7
61059,5
32893,2
100359,5
27202,1
32685,1
4159,2
96403,4
26385,2
37443,7
98287,6
53463,4
74453,2
6458,1
16305,1
30399,1
25408,3
41067,2
42891,3
85293,1
36945,1
39881,1
38056,1
74585,5
78601,1
13148,2
73324,4
12523,2
88281,4
85771,2
22116,1
43623,8
83433,1
12861,2
2105,2
2942,1
55689,1
58756,5
55397,1
33058,2
61538,5
89740,1
27459,2
61565,2
96374,1
89122,2
22085,2
45457,4
25835,1
101638,1
94819,3
85597,4
61004,3
10786,2
55692,1
58436,3
97884,1
11777,1
10717,2
51797,3
34573,2
70603,3
43867,3
39301,2
47293,3
74524,2
99083,5
17651,2
57034,1
87551,2
45830,1
42619,2
77248,1
45007,2
81118,1
87709,6
42614,3
23849,4
25444,1
40350,1
93056,2
98456,1
15271,1
46532,2
100061,2
26278,2
54933,2
69479,3
11461,2
49616,2
87262,1
92514,5
98041,2
33135,4
60019,4
43530,2
26796,6
42904,2
49507,1
74368,5
53873,4
38026,2
3287,1
85472,2
42477,4
41072,1
98053,1
94100,2
8631,1
101552,2
96875,6
40429,1
33249,2
23306,1
71766,7
98795,2
15886,1
65593,1
4106,4
87635,1
88457,5
53745,2
7562,1
46395,3
10765,1
53510,5
67388,2
76043,1
13317,3
4939,1
56246,3
27056,1
59684,1
51271,3
93704,4
42809,3
73883,2
63852,1
51103,2
34883,3
95297,1
49670,2
65795,1
54228,1
3001,2
17306,1
30803,4
53965,2
30661,2
39723,2
59889,3
58983,4
33062,2
93015,2
848,2
66832,5
98625,2
62828,1
70547,1
50838,1
69259,1
76073,2
81357,1
9513,3
11851,1
82569,2
30444,1
75781,2
24959,4
64979,4
11934,3
23509,2
1903,3
16094,6
76012,1
52920,4
21966,2
22062,7
21376,4
85286,4
100667,2
91121,1
101352,1
56870,1
79069,1
66097,1
35173,2
15890,4
18098,1
27293,1
82808,1
79281,1
36513,2
62478,3
27166,4
66882,5
83237,2
13586,2
64857,1
54954,1
68745,3
47904,4
90397,1
71175,1
31110,2
84019,7
25310,2
36715,2
45137,1
70177,2
59007,2
99264,3
19115,5
68950,3
52087,1
67914,4
54710,2
25736,2
19203,1
12384,2
25318,7
9872,3
7305,2
2090,2
77972,2
18600,1
6061,3
94901,1
89244,1
58328,2
50405,1
58698,1
66059,2
62162,1
73669,3
42330,1
19109,4
45621,4
69454,4
36118,3
74268,2
92945,1
31129,2
95012,2
29348,3
99162,3
74683,5
44430,2
33953,3
69546,3
65424,3
41448,1
65417,1
100333,3
64343,3
89801,1
36247,2
84917,4
46382,3
37739,1
19121,1
67817,1
19003,1
16982,2
57929,2
82840,3
48009,1
12003,3
55838,4
14805,2
63621,3
61707,1
16814,3
40924,3
49662,1
5033,2
47832,4
18153,3
9088,5
88133,2
63461,2
42332,3
4734,4
72515,1
21829,1
72882,2
98360,2
80457,2
99077,1
69337,4
67761,4
97542,1
97232,2
68959,1
5727,1
41521,1
912,1
83980,4
32006,2
57753,1
89621,2
95534,1
91966,2
69029,1
54451,2
82366,2
66124,4
82087,1
14733,3
60618,5
53064,2
73172,1
55997,2
51917,1
496,1
58156,1
26220,2
78087,7
73827,5
85027,1
12053,2
495,2
39845,6
21833,1
66826,3
97610,1
21876,2
52984,5
80589,1
84030,1
91429,2
94516,2
16762,1
56898,3
73750,10
55311,1
47885,2
96416,1
10339,1
26378,4
68317,4
41986,1
10665,6
4084,1
60537,3
91712,3
5140,1
76075,2
100142,3
73580,4
81201,1
53587,3
17818,2
85485,2
26495,2
99394,2
69529,2
95391,5
57195,6
78057,2
7133,2
16025,1
14197,2
35961,2
58958,2
67560,1
73916,5
84102,2
11424,3
30123,1
99160,4
89157,2
29779,2
69635,1
5937,2
80705,3
20148,4
89642,3
8299,5
73851,2
31898,2
6857,1
8172,2
2471,2
15771,2
22719,1
81133,2
4051,1
76455,5
23723,4
57830,3
80265,1
56894,1
95926,3
74899,2
98174,1
98193,2
93020,1
85290,1
99847,3
61974,12
89986,4
33863,2
34624,1
45357,1
52094,9
33268,3
21292,3
101096,2
50423,4
67562,6
92783,4
30108,3
29756,2
40159,2
91387,4
5605,3
61609,1
52014,2
85464,1
56057,1
52939,2
12555,1
83382,1
4991,2
31106,1
12039,2
18161,6
16894,1
7027,8
99916,3
12702,4
45152,4
81264,3
74670,1
48934,2
9888,1
74143,3
47748,2
19062,5
39505,1
65162,3
94572,3
3072,3
9406,2
51846,4
6035,5
60925,4
84275,2
70609,2
9206,1
69708,1
46602,5
88126,1
98874,1
20245,1
71132,2
33234,3
5832,2
93284,1
5784,2
34919,1
23781,1
97547,4
53804,1
29373,2
2434,5
82309,4
90683,3
95036,1
18246,12
83722,1
68502,4
87622,2
42295,3
10035,1
24725,1
63732,2
46232,3
28928,1
60089,2
8019,7
63825,5
57563,1
92591,4
58144,3
96681,2
44275,2
37892,5
90435,2
85510,1
32082,1
82717,2
92325,2
48204,1
64684,2
54580,1
93440,4
81638,3
19808,2
3950,2
59960,2
28162,3
2910,1
73013,1
34613,2
14187,4
7668,2
3468,2
61619,1
45316,3
23150,3
58628,3
20764,1
28645,7
81735,2
47373,1
58061,2
78731,1
49265,2
74740,7
90684,2
82077,2
96063,1
60314,2
8106,2
74249,1
74955,3
22738,4
53543,1
34162,2
22493,2
88384,2
20029,3
7314,2
51061,3
55515,1
67015,8
13981,4
6398,3
15429,1
33064,3
1259,2
90398,1
47467,2
6763,3
48784,2
93941,4
19932,2
29993,2
40108,1
14037,2
48110,2
49908,3
7643,1
81199,1
42593,2
39089,3
72854,3
56503,2
7947,2
47694,1
23891,2
10548,1
74940,2
53637,5
30852,2
63846,3
47990,1
27783,2
14359,1
80157,1
101399,2
98596,1
88065,1
81683,2
43280,1
16275,3
51925,2
58637,2
91427,4
48529,1
86053,2
73349,5
73869,3
21253,2
52229,3
18628,1
59911,5
1917,1
99749,5
47563,2
76875,1
37652,2
11323,1
24755,2
446,1
79014,2
995,5
98727,1
61593,1
15074,1
52803,3
74469,4
17867,1
26350,4
89785,1
80068,1
30338,1
23828,1
58283,4
8857,4
100357,2
48210,2
18920,2
67737,3
79789,9
70965,2
75548,2
78206,2
88390,2
80503,3
93245,1
95550,3
97641,7
16234,5
65409,1
62710,4
33441,2
1731,2
87433,1
68323,2
1600,4
4397,3
36802,2
69852,7
32204,1
20615,2
19736,3
47691,2
41973,1
70897,3
100438,4
77016,1
18048,2
50882,2
48141,3
12287,1
19963,1
63522,3
76481,2
37497,6
91475,1
6952,2
84181,1
58744,12
18787,1
92447,2
4260,2
4985,1
71048,2
99268,1
13941,2
16547,1
40531,3
74418,4
49781,1
95690,1
45670,6
74694,7
35576,3
64555,3
3237,1
63707,2
27706,1
89276,4
532,2
100241,2
48187,2
82403,4
85545,6
41614,1
18014,1
42556,1
34528,1
67498,2
56017,4
19472,1
24760,2
34572,2
20471,2
91034,4
42718,2
12074,6
26630,6
76128,2
85024,4
82940,2
3866,2
33474,2
28254,4
96242,1
69501,1
94252,1
4855,2
95298,4
53110,3
37025,1
89002,2
83489,1
55809,1
67026,7
57363,4
93677,3
40714,1
63593,1
85219,2
53169,3
48598,5
20963,2
29947,4
79575,4
50088,2
57849,2
13096,2
86054,4
90467,2
81158,2
12710,1
94435,1
101301,3
66050,1
56809,2
94613,1
73457,6
31242,1
41266,2
60055,2
94177,1
44018,2
87561,1
60545,3
51082,4
60933,1
39958,3
51300,2
57453,2
50234,2
49087,1
69741,2
12294,2
58304,2
58944,1
14383,2
100827,1
89997,2
36673,3
42831,1
93382,1
62022,1
87805,4
45782,5
3051,2
65598,3
95459,1
95988,4
78407,3
70231,2
77888,4
76372,2
5512,1
10728,1
70590,3
75799,5
61515,1
8556,1
46358,3
87291,2
8765,2
47070,1
61302,6
65376,1
18577,2
68463,4
91193,1
61606,2
27598,2
93561,4
75716,2
90181,2
27801,2
91261,1
44481,3
15708,1
47852,2
100264,3
60135,2
78271,1
50826,2
32007,3
8842,4
8610,3
49518,1
27964,1
61883,1
83329,2
41531,4
42262,1
67893,4
90034,2
82312,4
15486,4
69077,7
72219,5
3679,1
9961,4
88303,5
66373,4
74715,2
82951,2
93512,1
75603,2
88599,1
69326,1
65879,1
39599,2
86059,1
51407,2
905,4
55934,2
76528,2
70104,3
13296,2
52739,1
45976,2
48949,3
22402,3
66388,2
88833,3
51340,1
58363,3
94763,1
95563,3
63543,1
40231,2
29144,2
92162,3
97213,1
42650,1
70629,3
26565,2
25662,2
47422,1
98311,2
17075,2
29950,1
72523,3
27533,6
53181,12
13031,7
22648,2
89389,2
7901,1
58109,6
101692,1
66371,4
37628,2
722,4
14759,5
88968,1
37844,8
28754,1
34182,1
14107,1
5109,1
45893,2
46933,1
548,2
22914,1
56105,2
84778,1
274,2
64963,5
42946,2
46502,3
98243,4
99372,4
5579,1
15087,2
29951,5
61959,2
20146,5
17456,3
14632,3
70913,2
24732,1
54047,2
31558,1
14706,6
22290,2
3418,1
91253,1
19049,5
34107,1
8766,2
50093,1
63138,4
11038,1
40648,4
82486,6
5648,1
16937,3
49464,2
25811,5
75422,1
77111,3
19748,1
60429,1
37909,1
17574,2
86604,1
92117,6
90760,1
47199,4
33154,4
72478,1
47732,2
20657,1
67338,2
60315,2
73822,2
89822,7
57000,4
98741,5
36461,2
29339,3
44830,4
100187,3
81433,2
55443,8
87936,4
99136,1
20500,3
29432,2
54113,5
32743,2
14429,1
22785,3
87826,2
38362,4
88884,6
28231,2
18827,3
59818,3
51881,6
96520,3
66374,1
5563,1
44679,2
19462,8
34638,1
26926,1
66601,2
21165,1
48887,4
46734,2
54730,1
95575,3
7082,3
42351,1
66612,1
11093,1
91318,4
15490,1
57380,2
41575,4
57423,1
91559,2
84286,2
74489,2
90143,3
38598,1
20825,2
55822,1
97083,4
91988,4
72234,2
59498,1
1494,2
19375,2
2497,3
26453,6
57274,1
100773,3
101242,3
24409,3
36917,4
12271,4
57890,12
56202,1
30474,1
88641,2
67235,7
27469,6
65415,1
1652,1
23501,2
88069,1
97803,3
99230,1
15789,1
52707,1
35601,1
47791,3
55963,1
20904,2
3317,2
87244,1
3578,2
7528,2
95355,1
78148,2
89659,2
35054,1
63950,4
5494,2
79521,2
57175,1
18288,2
34206,1
24577,2
73777,1
39036,5
6596,2
85119,2
23628,2
87103,4
74382,12
92599,6
23810,2
35391,3
21067,3
74392,2
63845,1
77031,2
1422,1
54054,2
41373,2
31947,5
35493,1
96652,1
51740,6
99209,5
35627,1
54610,1
78413,1
57168,5
35331,1
1051,4
86315,3
8252,2
46343,1
54749,6
64073,3
14362,2
4001,2
28712,1
62446,5
49558,10
66078,1
101758,3
97554,2
17660,7
8584,2
12049,4
50784,5
55447,1
14027,2
80641,2
66385,2
48149,2
52364,2
81129,4
88861,2
94567,2
64645,6
27937,3
10992,3
30855,2
8403,2
25679,6
32367,1
12180,2
97538,1
58289,3
64499,1
79492,3
78965,3
99080,3
58281,1
89852,1
5711,1
36659,1
33660,0
85098,4
11311,1
57979,3
416,5
46871,6
50823,0
101920,2
36195,3
25311,1
35166,1
100587,2
59176,2
55487,1
7871,3
32185,1
90884,2
89590,1
47837,1
2009,3
9744,2
76292,5
76009,4
92289,3
26998,2
82675,1
88019,2
67463,3
37333,2
36993,1
62392,1
95788,12
47532,2
33190,1
100005,2
40792,2
70802,3
86771,2
45882,2
24208,2
81662,2
34353,2
17746,12
95635,5
20792,4
80867,3
46634,4
2652,3
92955,2
78719,1
3559,1
30908,3
52757,1
79640,2
65352,3
57956,7
43587,6
43976,2
7210,1
90929,1
58699,2
2138,4
90507,4
74758,2
37374,2
76444,2
34317,2
62891,4
32280,2
32510,2
34558,2
89799,3
62374,6
95736,2
31124,3
94506,2
69134,1
29718,4
34036,5
95666,7
97690,1
8545,1
78714,2
31699,1
92949,4
63124,1
86131,4
12118,2
76960,2
27756,4
59964,4
75407,2
15379,1
72003,6
82498,4
65327,5
20378,3
49991,1
35312,3
87643,2
96297,2
8528,1
42001,1
53107,2
98738,2
47287,1
56210,2
20840,3
58994,1
28503,1
90355,3
23616,3
64944,7
93221,2
23667,3
82747,3
9345,1
57987,2
48489,4
51298,2
26449,2
25190,2
23168,6
18503,2
49414,1
34612,1
94122,1
70661,5
20542,8
34660,4
7640,1
65140,2
47592,2
49407,2
16073,3
56676,2
25224,1
68100,3
49634,2
61375,2
35006,4
73060,2
83846,2
56824,4
47598,1
19085,2
42724,1
95146,2
42761,2
76827,1
62932,1
9199,2
93630,4
85854,5
55224,2
45473,2
43053,2
7741,5
61947,5
6627,1
1481,3
15249,3
20543,5
52433,5
80614,3
50067,1
11165,2
85086,2
84402,1
8614,3
69361,6
80679,2
10877,1
68890,2
47681,1
60187,1
5531,1
18312,2
13644,1
21621,2
72874,1
66337,5
43405,2
82251,1
89415,3
100526,2
5552,3
2229,1
34328,1
69227,4
92063,5
25456,5
73139,2
4718,2
29048,1
82361,0
79422,2
75053,3
92483,2
89805,1
91880,2
5525,1
94792,5
86360,1
2220,3
92767,3
69763,2
29107,2
36318,2
25900,2
86278,2
30389,1
6905,3
66066,1
63276,2
22142,3
85678,5
23578,2
60174,2
52715,1
22783,1
23571,2
36352,1
51457,2
77374,1
55282,2
28348,6
38744,6
38297,1
30263,4
65978,1
45244,1
48722,3
32568,1
91606,2
91283,2
28745,7
35844,4
19922,1
73469,1
54445,4
82259,3
101278,4
93612,3
19510,4
79872,2
18435,2
101501,1
48616,2
71860,2
18347,3
26049,4
68311,3
57306,4
92868,1
22981,1
99733,2
95659,10
81646,1
29574,4
19518,1
96891,1
26815,3
29801,1
87820,1
39634,2
48803,2
3500,1
59855,2
56553,1
100162,5
56715,3
52253,4
12765,1
101962,5
57562,2
15999,1
54475,6
6669,2
62817,2
80517,2
95086,1
29320,1
97519,1
43766,2
19936,5
17522,2
66867,2
36876,2
2467,1
10076,1
31014,3
50443,5
98190,2
37665,5
21074,2
10424,1
77912,1
85793,3
16127,3
98011,4
44997,2
23101,3
88920,2
24096,2
88972,2
43105,5
61448,8
100692,4
49701,1
77790,1
74594,1
12298,5
79988,3
34616,10
36012,1
75433,6
90945,1
38601,4
95494,4
64381,2
24706,1
21801,2
5000,3
99416,1
60840,1
27608,3
99457,1
2725,4
46282,1
61836,4
28024,3
8038,1
51310,2
79827,3
69031,1
69840,2
38938,2
12302,1
50631,1
76169,3
57382,2
36153,2
78917,2
35737,2
60325,2
4353,2
42280,1
8081,2
17272,1
38355,4
52762,5
101062,7
37037,2
59131,2
7327,2
38404,3
44035,1
63399,1
64603,3
828,4
92346,2
81490,2
37156,1
28817,3
68807,2
63650,1
98551,2
18399,3
18499,2
19099,1
43138,8
46655,3
24921,5
77029,2
39257,2
45549,1
26239,1
40833,3
65505,1
14756,2
59126,2
78464,2
42389,2
14992,1
26650,1
13325,4
5064,6
59034,7
56693,2
30756,2
91571,1
9915,3
15026,2
44516,2
1418,1
23916,3
40469,2
25546,1
77348,1
68507,3
21919,3
88735,7
96047,1
92423,3
84610,2
53954,1
35632,1
32435,2
28104,1
95247,5
17258,1
74019,1
99620,6
65813,6
72091,2
59497,3
17363,1
45889,2
93749,3
19873,2
43218,2
6437,1
10580,1
94418,2
18426,2
18058,5
5431,1
79363,10
2386,4
80153,5
83685,1
51666,2
59702,1
38614,1
58787,1
26833,1
78577,5
74461,2
41539,3
65023,2
92347,7
57353,2
85702,2
43232,2
66582,1
82198,4
47677,3
22700,1
53825,8
6746,2
26498,3
19836,2
43495,3
97818,2
6658,3
70117,3
86524,3
60930,1
74932,4
35180,5
83006,3
8879,3
94274,2
40719,1
60071,4
57993,4
65265,2
55813,2
12146,2
45815,1
81399,2
42275,2
48081,2
48342,1
50,7
56589,2
91713,1
91345,1
26661,2
82627,2
45460,2
10583,1
73413,3
27833,2
87263,1
44590,4
100660,3
90240,2
73118,1
59881,3
7893,1
75622,2
85924,2
6146,8
50637,3
13723,1
89115,6
47705,1
76764,2
97736,3
11995,3
52584,2
80981,1
77401,2
20163,2
10325,1
13488,7
101058,2
5804,1
118,1
82326,1
35201,2
24773,2
44555,2
3806,3
27511,1
87105,2
26521,6
26638,5
80401,4
55398,7
5935,1
47933,2
62516,5
66384,8
5767,4
36559,7
51341,5
83936,6
39830,3
48997,3
79233,4
93596,1
94488,4
20842,2
13627,4
19477,2
52151,3
27784,2
49038,0
16716,1
38507,3
16460,4
99284,1
71106,4
18310,3
59832,4
78850,5
74516,5
87130,4
27699,1
36230,0
49735,3
88628,3
77562,2
68566,4
35398,2
43965,1
93243,2
8103,2
55118,3
33903,3
78661,4
8135,1
94524,5
21172,4
52950,3
96031,1
89728,6
64596,4
28792,3
37858,1
20744,1
29198,2
61658,8
35069,1
65227,1
78105,1
71950,2
18661,1
44825,1
96800,1
83239,2
20674,1
21956,1
40239,2
69480,2
1201,1
13434,1
73371,1
27297,1
13511,3
95475,2
51861,5
32698,6
92307,2
57127,2
18785,5
88549,2
84082,2
63938,2
22590,2
56722,4
85589,1
7363,1
80585,12
62791,5
10745,2
29507,2
9408,4
32903,1
22113,4
71399,2
23392,6
79480,2
25275,1
11401,1
81491,2
87047,1
77653,1
23659,2
74292,1
7494,1
6984,4
48824,2
6481,1
13046,4
16601,1
20284,1
97502,4
38354,2
81114,2
30326,1
14011,1
234,3
20094,2
87897,4
63211,2
89224,3
23251,2
38480,1
64008,4
28956,2
5456,3
36863,2
17053,3
80481,6
84765,3
45452,3
23633,2
89687,1
41068,3
26780,1
32269,1
73554,1
45391,1
91598,2
14030,6
85548,4
72063,2
19631,2
11015,1
34822,6
96215,3
2945,1
67313,6
48224,4
11716,1
35464,4
2667,1
48363,2
7286,2
91689,2
86607,2
82674,2
69334,1
97728,2
71008,2
49296,3
52902,2
86113,3
13923,4
3469,1
31506,2
36174,2
19180,4
86041,1
100195,1
74317,3
20416,5
2688,1
87867,7
97000,1
7211,1
26466,2
16499,2
3891,1
81021,2
22669,1
70960,2
46367,2
35253,4
95295,1
17812,7
67066,2
4276,2
44159,1
21962,2
20114,3
99707,4
72816,2
69438,2
12397,1
79489,3
68800,2
35089,2
31915,2
35704,2
52449,1
57156,4
26354,1
16368,2
52197,5
2459,1
33004,2
22270,2
38063,2
18795,2
34516,3
61982,2
25317,2
30151,2
62667,1
64640,4
7786,12
578,8
88414,4
57633,3
56753,1
77565,1
37122,2
37763,4
18254,1
26002,3
20204,1
58615,2
72244,4
96942,2
35859,1
96745,4
98382,1
100334,2
60001,5
82337,1
52304,2
59296,3
61761,1
72282,1
53675,2
5040,3
91103,2
6748,5
16733,1
101651,3
51466,5
14282,2
17360,1
26921,1
27422,1
86714,1
93089,2
30765,2
18668,1
41338,1
36491,4
72993,4
21377,2
29603,1
70843,2
12345,5
95386,3
77214,4
25447,1
50470,5
17026,3
72680,3
28368,7
20404,2
94247,3
62999,1
26181,2
49112,2
21557,1
29589,4
23538,2
19245,2
79206,4
81612,2
87385,5
85393,2
13838,2
17273,1
62243,4
91101,2
86723,2
54671,1
75563,2
96679,2
9483,5
22694,2
69513,4
68618,1
65128,4
64313,3
99809,3
16537,4
15748,2
70576,3
1953,2
73239,3
72631,1
87381,2
96344,2
92204,2
43113,1
68551,4
78031,5
8064,1
612,1
100256,3
93833,2
26209,1
82887,5
48415,1
10707,3
97775,3
90981,2
47707,5
82374,3
26232,2
82661,3
41331,4
54703,4
5806,3
87199,1
13527,3
92126,2
84511,5
36549,3
51994,2
101846,1
100405,1
46012,1
88849,1
45714,2
34382,2
57915,2
58127,2
228,3
29891,2
52347,1
16546,3
18112,3
85493,5
76790,1
47316,8
8324,3
16884,4
73503,3
40082,5
9343,1
1978,3
74963,1
17714,2
9758,4
29767,3
38363,1
30799,3
83721,3
100217,4
90796,4
101540,1
56363,1
49761,5
24672,3
34143,1
60828,3
51460,1
77322,4
90044,3
12515,4
56832,2
16112,2
81439,4
77380,2
24633,2
57424,2
100206,1
56331,3
59829,2
60216,2
72451,6
28467,1
26882,1
49413,2
53361,2
25913,1
493,1
83779,3
37385,2
26061,7
820,2
86233,1
72271,2
39375,2
92057,3
26292,2
42539,1
74198,5
13419,2
13442,1
15166,1
30498,2
45193,1
87212,8
75509,3
14943,2
93960,1
90330,2
42103,1
101927,2
42257,1
80552,1
42111,5
63729,2
16970,2
31936,2
15681,2
454,3
16288,1
98842,1
83230,2
45818,1
10507,2
12325,1
10500,3
45638,2
50090,2
5830,2
2262,4
57170,2
6031,3
41684,1
89620,1
42683,6
206,3
72204,4
17372,1
6666,2
55178,3
28933,2
47204,8
35264,1
81973,1
79643,1
78328,5
62206,3
44735,4
27856,1
36679,2
52555,2
68734,2
2277,1
43782,1
66476,1
50123,2
16428,4
82779,1
79373,3
88963,3
71929,4
8548,1
45669,1
79910,1
42934,1
59606,4
64671,1
10526,2
29418,8
40788,2
72811,1
48388,6
100819,1
54117,2
90210,1
7474,1
7913,2
4914,2
45622,2
40667,4
56134,3
90162,2
95471,2
36487,2
49652,3
52371,1
38068,2
8390,1
53448,2
64122,4
60725,2
37736,3
6233,3
56613,6
86693,1
83037,2
37242,2
74849,4
14601,1
57994,5
88293,2
92013,4
7149,1
9844,5
11850,6
5305,1
63196,5
30697,1
74537,2
52952,1
67299,2
33661,2
73830,2
86667,2
32953,1
20085,2
88064,3
77778,5
27341,1
57302,5
32087,2
91943,7
37391,2
52756,2
98936,2
39276,4
48753,4
45962,3
35017,3
58485,1
8663,1
21217,3
57126,4
54494,1
29505,1
84746,2
8486,1
16121,4
233,2
55602,1
2675,2
33905,1
72540,1
77677,3
74067,2
100682,1
100131,3
43789,1
22025,2
61839,3
94706,2
38807,2
61053,4
970,1
30834,1
19226,2
77794,1
8919,12
70531,2
77453,2
73969,3
89187,2
87973,2
96300,2
77527,2
78058,3
60450,1
21369,9
14746,2
79046,2
33419,3
79962,1
86894,5
42549,3
82160,2
24186,5
61536,1
29001,4
83207,4
99166,1
77351,1
32436,3
76506,2
27899,2
27116,1
17208,4
69146,1
89484,4
71628,4
79857,1
13500,1
37523,1
56968,1
2651,3
19043,1
14103,2
99551,3
75395,2
79782,1
75930,1
90611,1
2225,1
50140,4
49146,3
39256,2
48807,3
70855,2
93735,2
77647,1
66064,4
45317,2
69835,1
61700,2
5162,3
29578,1
96601,1
49159,1
59046,2
25041,4
67276,4
72509,3
2331,2
79329,1
86896,2
96580,2
52728,2
83281,1
62600,2
100498,1
80727,2
74426,1
98645,1
58242,2
50211,3
71020,2
55992,1
89777,4
77471,1
15248,1
54827,5
34472,3
48966,1
75264,2
74712,12
48991,4
41333,2
19739,2
25827,4
88259,2
17304,1
67254,2
97106,2
67368,2
25855,5
29025,6
70404,4
26179,6
90794,4
27618,3
33686,1
86528,4
71617,1
77866,3
2852,1
52880,1
20446,2
9022,2
3402,2
79621,6
23456,3
52332,1
41569,3
39176,4
24183,3
22316,1
91761,2
15831,1
96312,1
26286,3
90959,2
55003,1
92836,1
78174,5
78889,1
2870,1
66707,2
69035,3
86102,1
46760,1
57762,1
3446,3
71834,1
63424,2
18022,1
4841,3
86658,4
62923,1
11927,1
23399,1
44046,4
11295,1
34488,1
101384,2
69231,1
75938,2
86460,3
33843,3
14414,2
13160,2
47860,2
98837,1
58387,3
89806,2
8823,1
54285,2
27400,4
4408,3
79604,4
7620,5
6574,1
88385,1
9380,1
74984,8
71645,3
54428,1
9330,1
2518,1
27402,2
90471,1
12745,2
31379,3
89723,1
7699,6
56669,9
61846,1
94190,1
97659,6
7817,6
64510,2
69087,1
35975,1
26891,7
26250,3
2297,1
29122,8
29268,2
26805,2
47019,1
12916,3
44550,3
46738,4
16399,3
58150,2
22069,2
56380,1
89571,1
13361,4
44491,3
54726,2
46331,4
52194,1
26887,2
1708,2
42430,4
52324,1
5373,2
93412,2
100008,2
82168,1
7530,2
30074,3
89549,3
47209,1
66390,4
92838,2
27025,12
87073,4
16183,4
28049,1
57900,4
74293,5
71644,2
15241,2
74113,1
19914,1
81758,1
35655,1
30647,5
101374,1
77947,3
52601,3
2897,1
100959,3
43591,2
59707,2
22642,3
100273,1
31723,1
43169,4
58635,6
93244,2
72420,6
83062,5
88399,1
35267,1
79953,3
12208,2
54500,2
41540,4
16267,1
14832,2
20425,1
100537,3
34229,7
44939,1
46270,2
38759,3
53234,3
92712,1
67373,3
61570,1
86634,1
99086,3
64599,3
52074,3
74927,2
71923,1
1009,1
50669,2
62894,4
42799,2
96253,2
58827,2
8987,2
69320,3
2589,2
86826,2
1065,2
24156,2
1584,5
90886,6
88672,4
29855,1
56975,2
81723,1
89889,1
67938,3
21422,1
87644,3
92584,6
42526,2
61644,1
69806,1
76041,4
62477,4
56565,3
41981,2
46711,2
71975,2
22629,6
38172,2
72502,1
48680,3
55829,4
46685,3
8995,3
93874,1
98974,2
98537,2
96420,4
52399,1
58118,1
9295,2
53993,1
95869,2
83429,1
79453,3
12043,4
99560,8
29039,1
43886,2
76129,3
35310,1
97733,4
15362,3
76134,2
97295,3
25951,2
91396,8
57960,2
8079,3
42326,3
80110,1
80508,2
97361,3
14877,2
68165,1
62725,1
76140,4
9799,1
22492,1
89018,2
48792,1
60855,2
16306,1
58712,2
18041,5
25591,7
14213,2
18351,3
26064,1
31286,5
66171,1
91276,2
10151,4
27572,2
100700,3
15744,1
48227,2
92255,1
5351,4
95521,2
5958,2
86637,1
52217,6
91332,1
44333,1
39950,4
6548,1
92111,8
58081,1
49956,2
63995,2
12906,1
87667,2
53241,2
83014,2
18528,1
23136,7
98251,4
7895,2
81579,5
54401,1
39357,3
38438,2
3802,2
37956,2
100224,4
20052,2
54009,8
59542,2
92879,2
39017,2
35878,1
59298,8
82861,3
47676,4
39090,5
55150,2
6337,2
10297,2
28822,2
15359,2
2347,4
94691,2
95173,4
46926,4
19950,1
19459,4
77329,5
35055,7
87872,1
31938,1
380,3
60560,4
31300,1
75605,3
100185,1
16804,2
9200,2
4923,2
35262,2
94399,4
25557,1
81208,3
16908,2
74900,1
26331,4
90991,1
83891,2
46717,2
98532,4
12845,3
42450,1
47365,2
80901,1
265,1
39787,1
10395,2
90721,2
32623,3
48132,3
48750,3
53327,2
15978,2
49195,2
56746,1
90517,1
91150,2
58504,2
10243,1
18182,1
51948,2
96039,1
84152,3
43842,2
16256,7
46051,2
64549,2
15198,2
80659,1
88594,1
34693,4
17742,2
37657,3
69046,4
16421,5
91550,4
41040,1
6513,5
5268,3
70486,2
50004,1
59410,2
55123,1
68662,2
70444,1
38442,2
30094,1
71058,1
2441,5
22973,2
38334,6
42956,2
62179,2
62419,2
10696,2
71915,6
40649,2
86791,2
2091,2
35242,3
45276,3
79218,1
66452,1
92894,2
96591,2
52109,2
57854,2
45158,1
91706,2
100167,2
82944,2
46299,3
32338,1
60977,2
38809,2
60666,1
82948,4
28214,2
51733,1
73704,3
95233,3
99855,2
11550,4
14131,1
5495,1
34475,3
7992,4
78976,2
38121,3
23637,1
16441,4
20107,2
62149,1
100403,5
80505,2
75629,2
45793,2
85476,3
88687,3
4544,3
101729,7
33194,1
56014,1
101189,2
68599,2
34651,1
46573,2
55385,3
11283,5
88724,1
72670,6
11374,1
25499,1
45974,5
28450,4
2278,4
86788,2
70910,2
4547,1
24753,3
90976,2
61953,2
86800,1
98875,3
55671,1
354,1
87660,2
21042,1
57066,1
5491,4
56950,1
7584,1
39976,2
82578,2
8467,1
84036,1
62293,4
74173,1
66184,2
15607,2
430,1
40202,2
65591,1
18703,1
36697,8
45354,1
99651,1
49698,5
83077,2
5518,2
82199,1
80399,3
11100,1
57942,1
93995,1
49116,7
11576,7
33842,2
30110,1
63353,5
90766,3
26538,5
49862,2
93320,1
23985,2
5449,1
62475,4
61455,4
55381,2
4612,1
44204,3
84241,2
69673,2
48953,1
72615,2
53395,2
35769,2
31710,2
16400,7
13305,1
90677,1
91075,2
11886,2
61306,3
96776,2
6854,3
97859,2
49039,2
75695,3
87322,1
7190,1
61804,1
11212,1
47256,4
65989,2
28339,2
84788,4
9131,1
61316,3
36490,6
56617,2
82701,1
59284,3
83284,2
27346,3
34899,1
97136,12
65025,1
47862,2
88253,6
42096,1
5006,6
29381,1
50961,1
13709,2
83151,1
59880,7
80179,2
91412,3
92897,1
60407,2
7999,4
72660,2
77371,2
28873,1
18805,2
61737,2
42012,3
70820,5
29963,1
28006,3
87970,2
19483,1
99681,6
58154,2
46611,4
20908,2
64685,4
94393,2
89379,2
48366,2
24221,1
4925,5
45722,1
92128,1
22680,6
49650,2
32271,2
7167,1
19279,1
28944,2
98600,3
15314,2
20762,3
22056,2
100044,2
59822,2
16828,2
60966,3
75082,1
58476,6
25039,3
22055,2
71340,6
29038,3
64363,1
89564,3
81407,2
89491,1
19741,2
14672,1
70584,1
42201,1
10579,2
19554,2
68966,4
34007,2
55164,3
91734,2
86117,2
12585,1
71210,2
34406,2
38893,2
26707,2
42605,2
5781,1
42468,2
54818,1
52998,2
83059,4
68170,2
82550,5
9423,3
84161,1
80352,2
90693,1
12075,4
3193,1
60474,1
90277,3
96224,2
26463,1
3126,2
54629,2
59538,2
60753,3
90542,2
19058,2
37456,2
63232,1
75929,2
9054,1
56185,3
13541,2
66729,3
98850,3
25719,1
27462,2
41357,1
92627,1
49649,2
71162,2
29217,1
75070,8
86311,2
70236,5
46164,1
71973,7
43435,3
99304,4
28276,1
64371,6
100845,4
97438,2
26009,3
80765,1
55144,3
71687,4
84340,5
61120,1
81736,2
77543,5
74145,5
92495,3
44945,4
19539,2
59455,2
25922,2
52103,5
26697,2
27589,1
5745,1
86186,1
24636,1
83015,2
24269,4
86994,6
68367,3
47988,1
30063,5
65904,5
73585,2
96740,1
18554,5
44377,2
89387,4
55552,1
11631,2
56723,2
17213,3
66791,1
86903,1
6872,2
55488,2
67623,6
457,1
59010,1
46836,1
37964,2
44096,1
26613,2
30044,3
16422,2
52020,2
6109,1
53322,1
60644,2
98066,2
2481,5
82294,2
91464,1
26055,2
25933,2
84804,1
98233,1
63366,2
69550,2
60623,1
46768,2
89518,3
97311,2
5555,3
91486,1
25998,1
53258,1
16654,2
14244,2
34700,2
86015,2
1169,1
30226,1
82280,4
12807,1
72928,2
20851,2
64125,2
6284,2
35952,4
101575,5
101633,2
1923,2
73425,5
71800,7
28479,6
84145,2
59095,2
4571,1
22126,4
58996,3
25530,6
76064,5
90724,2
88240,5
49484,3
70243,1
2506,2
83205,4
42451,2
88368,2
23256,2
65943,2
70462,1
847,3
70955,0
27447,2
64591,1
81585,2
14303,6
27925,3
81178,1
75815,1
32364,5
60301,4
26748,2
99169,3
35475,8
75683,2
95423,2
35738,7
54488,2
20185,2
40647,2
98459,2
85285,2
38043,2
35812,4
101386,4
86970,3
86191,1
31884,4
100568,2
95698,4
29725,4
64901,2
92251,3
93718,4
78200,3
45741,2
98438,1
65680,2
49078,2
1891,3
72302,1
81461,1
3098,1
76749,1
71424,2
50468,1
12587,5
44241,2
95192,1
32599,7
75109,1
41533,6
71641,3
20150,2
42955,2
93641,1
31988,2
36349,7
38920,1
88418,2
67900,2
62783,1
61503,1
6611,1
75217,1
41440,1
14532,2
3435,6
49962,6
30171,1
95392,1
50213,2
31335,6
47941,3
54495,2
95842,1
53262,1
11072,1
25769,2
32993,1
49917,1
81316,7
97729,3
99634,2
61865,2
6407,2
65012,5
80873,2
43372,3
85667,2
36282,2
46660,3
44055,1
23447,2
70230,5
101088,2
55678,3
53932,2
16741,1
31701,1
44440,1
54501,1
94207,1
6635,2
59853,8
70490,2
64148,3
60733,2
2445,1
90461,0
51235,8
53524,1
25585,1
20341,2
31054,2
96827,8
26770,2
53649,1
36184,3
78607,2
67357,2
91025,2
2058,2
55275,2
47512,1
84214,4
92941,2
52680,12
27755,1
101048,10
55675,4
49225,2
16055,1
46188,1
2296,5
11342,2
35112,1
70320,2
54587,5
9532,2
3538,2
18979,4
7549,1
90775,1
24046,2
43417,3
48873,5
2318,10
21752,2
19304,2
35915,1
24934,2
53935,3
37124,2
94642,5
20357,6
85655,2
45365,1
31972,2
67925,4
79338,3
37581,2
53511,2
48711,5
28198,2
47787,1
21367,3
101642,1
30680,1
84890,2
5542,5
10064,5
92171,2
4379,2
101157,2
7563,2
73340,1
40001,3
34735,3
67699,1
62835,1
82793,1
57331,4
81944,3
50176,1
53416,5
85031,6
95109,2
14823,2
84880,1
7037,5
19940,1
99021,5
15953,6
28389,6
93986,1
54160,5
14937,3
90195,1
9290,2
40367,2
715,2
2247,6
43891,1
55018,1
12449,2
16749,2
79209,1
29556,5
61102,1
48710,1
13491,3
1910,2
69247,1
2775,1
54689,7
86912,2
15041,2
99158,4
95784,1
16097,4
62039,6
48004,2
94313,4
37257,5
32678,2
66436,1
69910,2
439,1
94401,5
69902,1
94170,1
41445,1
49257,1
59244,3
33657,4
42252,2
47967,1
87600,1
85709,7
27874,1
17143,2
23684,4
69991,4
50365,2
52147,3
50761,2
15348,2
68727,3
24682,4
16981,2
47541,2
4055,1
75757,4
34009,2
49673,3
90757,1
17532,4
46582,2
6317,1
67188,5
76011,2
18732,1
3739,1
307,4
41873,3
62304,1
50181,3
82616,2
31571,4
33498,1
16539,1
84521,2
4398,2
15441,3
22937,3
96026,1
20345,3
70100,2
19727,1
98430,4
37671,1
20050,1
18806,1
86707,4
951,4
64909,6
40036,3
70533,2
68008,4
20428,5
63273,1
14471,2
3477,6
76885,4
39600,1
14807,1
97820,2
35022,1
74988,2
63311,2
68914,1
95924,7
67267,2
99955,1
74503,5
78260,6
33549,1
18798,2
12675,1
16679,3
29230,2
85112,2
39435,2
93454,2
1291,3
20888,1
746,2
26767,2
47757,4
58489,7
84707,3
72458,6
2047,2
18117,1
92264,2
3061,2
83406,7
74485,1
87015,4
80058,2
30305,2
82039,3
20503,5
51659,2
82710,4
7267,3
51835,2
98436,3
95424,1
69774,2
29896,7
31411,1
60099,2
38405,1
19490,3
84567,2
12608,6
84684,2
45190,2
67227,2
28509,1
44597,2
45499,3
80096,4
35692,2
56298,4
2271,1
12942,2
79340,1
49500,2
91909,1
12036,2
24271,6
58605,2
59783,2
50766,1
79701,4
47595,2
5923,2
72901,3
94748,3
36731,1
48578,1
55937,1
50594,4
75551,1
73155,3
7561,4
83632,7
77328,3
50409,3
44520,2
22584,1
42672,3
94659,1
48668,4
57539,3
99079,2
28600,4
55201,1
16158,2
27299,2
18025,2
28118,4
63552,4
87783,2
19272,1
88943,5
87388,2
92815,2
36693,2
28386,3
53354,4
5677,5
10734,6
49118,5
69446,1
5948,1
61545,2
28937,5
22134,2
66377,2
66127,3
17776,2
82422,4
46925,2
67093,1
44521,2
28356,2
83012,1
86908,1
88588,2
61185,3
77693,3
101803,1
7968,3
57247,7
63061,1
41337,1
18687,2
603,2
77463,3
44641,4
64386,2
30482,3
47879,2
78787,1
85935,3
57567,1
69792,2
89509,2
4654,3
42217,1
6302,3
75670,2
38388,1
70938,12
4614,3
8576,1
99481,3
11095,2
97982,1
31199,3
23452,1
22952,2
5185,2
34770,3
15858,5
29270,6
6419,3
83174,3
98996,2
6815,1
4782,3
23745,4
15343,4
11699,7
4896,1
98076,2
100539,6
19422,2
67512,2
77420,5
43650,4
9178,1
72267,3
22406,2
23872,1
57517,6
58370,2
83851,1
83808,2
20807,1
13344,4
7461,5
78941,3
82679,2
33508,2
4430,3
34161,7
50008,1
43220,3
5762,4
99953,2
78606,7
4673,1
69914,1
18481,3
89796,1
19715,3
19884,1
81635,4
72573,2
87954,2
59636,3
70911,1
95384,3
87002,2
61282,6
64990,4
25735,1
3766,3
71949,2
43741,1
96343,4
33847,4
30343,4
187,1
93178,1
38413,1
91314,2
90121,2
57641,2
26069,3
72362,4
19230,2
50605,1
42715,3
8709,2
39819,2
77949,1
63270,2
100397,1
55085,1
8892,1
90830,2
18469,1
21935,1
99131,4
85515,2
12336,6
91790,1
50047,3
89875,6
43437,2
48419,3
32650,4
13492,2
28808,5
90239,2
18563,1
96632,4
101992,10
33731,1
15778,2
66145,7
22920,1
39929,4
8931,4
34513,1
3545,4
77961,1
574,1
94474,5
76648,3
74696,2
87165,1
46110,2
17552,1
23904,4
9760,4
94459,3
40022,5
43825,1
4090,2
68952,3
51671,3
77133,4
59333,4
72046,2
41326,2
91870,1
94846,2
32686,2
14036,2
92694,5
82992,1
55404,1
25500,1
53880,1
61371,2
31187,1
48996,3
63263,3
82484,4
14808,3
34826,2
63935,4
48470,4
58148,4
55668,2
82287,2
92512,2
74020,7
37399,4
62945,2
22591,2
50270,2
1034,4
72514,1
42765,2
20303,6
12716,5
62397,5
86907,4
90069,5
18673,4
8649,2
12824,2
30729,2
32256,3
88017,3
24375,2
42639,1
70382,6
24656,2
6172,2
71957,2
35169,3
32666,2
5477,6
98107,4
57907,5
24103,4
18744,3
92480,2
43197,2
101198,3
93707,1
6695,3
88569,1
57053,2
83212,2
42578,4
48368,4
87938,3
61940,1
29621,4
93111,1
58441,1
40980,2
20475,1
97492,5
44896,2
25867,3
81515,4
56657,1
80795,4
35513,2
5996,2
18035,5
3731,3
44947,2
13495,2
44036,1
34551,3
98909,4
66539,5
91209,5
95758,5
96807,2
46000,1
100342,4
27712,1
71035,2
44469,5
80089,2
26289,3
11382,2
60434,5
96154,1
33738,1
70681,2
73556,5
13959,2
